[{
  "id":1,
  "examPaper":null,
  "uploadTime":"2016-09-21",
  "user":null,
  "analysis":"f",
  "answer":"",
  "stem":"下列选项中哪些是angular中创建服务的方法？",
  "department":{
    "id":2,
    "name":"JavaEE"
  },
  "subjectLevel":{
    "id":1,
    "name":"easy",
    "realName":"简单"
  },
  "subjectType":{
    "id":2,
    "name":"check",
    "realName":"复选题"
  },
  "topic":{
    "department":{
      "id":1,
      "name":"WebUI"
    },
    "id":1,
    "title":"HTML"
  }
,"choices":[{
    "id":5,
    "content":"controller",
    "correct":false
  },{
    "id":8,
    "content":"filter",
    "correct":false
  },{
    "id":7,
    "content":"factory",
    "correct":true
  },{
    "id":6,
    "content":"service",
    "correct":true
  }]
},{
  "id":2,
  "examPaper":null,
  "uploadTime":"2016-09-21",
  "user":null,
  "analysis":"分析",
  "answer":"",
  "stem":"display取值有哪些？",
  "department":{
    "id":1,
    "name":"WebUI"
  },
  "subjectLevel":{
    "id":1,
    "name":"easy",
    "realName":"简单"
  },
  "subjectType":{
    "id":2,
    "name":"check",
    "realName":"复选题"
  },
  "topic":{
    "department":{
      "id":1,
      "name":"WebUI"
    },
    "id":1,
    "title":"HTML"
  }
,"choices":[{
    "id":9,
    "content":"none",
    "correct":true
  },{
    "id":10,
    "content":"inline",
    "correct":true
  },{
    "id":11,
    "content":"hidden",
    "correct":false
  },{
    "id":12,
    "content":"block",
    "correct":true
  }]
}]